<?xml version="1.0" encoding="UTF-8"?>
<GenRun Id="impl_1" LaunchPart="xc7a35tcpg236-1" LaunchTime="1755959306">
  <File Type="ROUTE-PWR" Name="deco7segbasicABCD_power_routed.rpt"/>
  <File Type="PA-TCL" Name="deco7segbasicABCD.tcl"/>
  <File Type="ROUTE-PWR-SUM" Name="deco7segbasicABCD_power_summary_routed.pb"/>
  <File Type="REPORTS-TCL" Name="deco7segbasicABCD_reports.tcl"/>
  <File Type="OPT-RQA-PB" Name="deco7segbasicABCD_rqa_opted.pb"/>
  <File Type="BITSTR-MMI" Name="deco7segbasicABCD.mmi"/>
  <File Type="OPT-METHODOLOGY-DRC" Name="deco7segbasicABCD_methodology_drc_opted.rpt"/>
  <File Type="INIT-TIMING" Name="deco7segbasicABCD_timing_summary_init.rpt"/>
  <File Type="OPT-TIMING" Name="deco7segbasicABCD_timing_summary_opted.rpt"/>
  <File Type="OPT-DCP" Name="deco7segbasicABCD_opt.dcp"/>
  <File Type="OPT-DRC" Name="deco7segbasicABCD_drc_opted.rpt"/>
  <File Type="OPT-HWDEF" Name="deco7segbasicABCD.hwdef"/>
  <File Type="PWROPT-DCP" Name="deco7segbasicABCD_pwropt.dcp"/>
  <File Type="PWROPT-DRC" Name="deco7segbasicABCD_drc_pwropted.rpt"/>
  <File Type="PWROPT-TIMING" Name="deco7segbasicABCD_timing_summary_pwropted.rpt"/>
  <File Type="PLACE-DCP" Name="deco7segbasicABCD_placed.dcp"/>
  <File Type="PLACE-IO" Name="deco7segbasicABCD_io_placed.rpt"/>
  <File Type="PLACE-CLK" Name="deco7segbasicABCD_clock_utilization_placed.rpt"/>
  <File Type="PLACE-UTIL" Name="deco7segbasicABCD_utilization_placed.rpt"/>
  <File Type="PLACE-UTIL-PB" Name="deco7segbasicABCD_utilization_placed.pb"/>
  <File Type="PLACE-CTRL" Name="deco7segbasicABCD_control_sets_placed.rpt"/>
  <File Type="PLACE-SIMILARITY" Name="deco7segbasicABCD_incremental_reuse_placed.rpt"/>
  <File Type="PLACE-PRE-SIMILARITY" Name="deco7segbasicABCD_incremental_reuse_pre_placed.rpt"/>
  <File Type="BG-BIN" Name="deco7segbasicABCD.bin"/>
  <File Type="PLACE-TIMING" Name="deco7segbasicABCD_timing_summary_placed.rpt"/>
  <File Type="ROUTE-PWR-RPX" Name="deco7segbasicABCD_power_routed.rpx"/>
  <File Type="PLACE-RQA-PB" Name="deco7segbasicABCD_rqa_placed.pb"/>
  <File Type="POSTPLACE-PWROPT-DCP" Name="deco7segbasicABCD_postplace_pwropt.dcp"/>
  <File Type="BITSTR-MSK" Name="deco7segbasicABCD.msk"/>
  <File Type="POSTPLACE-PWROPT-TIMING" Name="deco7segbasicABCD_timing_summary_postplace_pwropted.rpt"/>
  <File Type="PHYSOPT-DCP" Name="deco7segbasicABCD_physopt.dcp"/>
  <File Type="PHYSOPT-DRC" Name="deco7segbasicABCD_drc_physopted.rpt"/>
  <File Type="BITSTR-RBT" Name="deco7segbasicABCD.rbt"/>
  <File Type="PHYSOPT-TIMING" Name="deco7segbasicABCD_timing_summary_physopted.rpt"/>
  <File Type="ROUTE-ERROR-DCP" Name="deco7segbasicABCD_routed_error.dcp"/>
  <File Type="ROUTE-DCP" Name="deco7segbasicABCD_routed.dcp"/>
  <File Type="ROUTE-BLACKBOX-DCP" Name="deco7segbasicABCD_routed_bb.dcp"/>
  <File Type="ROUTE-DRC" Name="deco7segbasicABCD_drc_routed.rpt"/>
  <File Type="ROUTE-DRC-PB" Name="deco7segbasicABCD_drc_routed.pb"/>
  <File Type="ROUTE-DRC-RPX" Name="deco7segbasicABCD_drc_routed.rpx"/>
  <File Type="ROUTE-METHODOLOGY-DRC" Name="deco7segbasicABCD_methodology_drc_routed.rpt"/>
  <File Type="ROUTE-METHODOLOGY-DRC-RPX" Name="deco7segbasicABCD_methodology_drc_routed.rpx"/>
  <File Type="ROUTE-METHODOLOGY-DRC-PB" Name="deco7segbasicABCD_methodology_drc_routed.pb"/>
  <File Type="ROUTE-RQS-PB" Name="deco7segbasicABCD_rqs_routed.pb"/>
  <File Type="ROUTE-STATUS" Name="deco7segbasicABCD_route_status.rpt"/>
  <File Type="ROUTE-STATUS-PB" Name="deco7segbasicABCD_route_status.pb"/>
  <File Type="ROUTE-TIMINGSUMMARY" Name="deco7segbasicABCD_timing_summary_routed.rpt"/>
  <File Type="ROUTE-TIMING-PB" Name="deco7segbasicABCD_timing_summary_routed.pb"/>
  <File Type="ROUTE-TIMING-RPX" Name="deco7segbasicABCD_timing_summary_routed.rpx"/>
  <File Type="ROUTE-SIMILARITY" Name="deco7segbasicABCD_incremental_reuse_routed.rpt"/>
  <File Type="ROUTE-CLK" Name="deco7segbasicABCD_clock_utilization_routed.rpt"/>
  <File Type="ROUTE-BUS-SKEW" Name="deco7segbasicABCD_bus_skew_routed.rpt"/>
  <File Type="ROUTE-BUS-SKEW-PB" Name="deco7segbasicABCD_bus_skew_routed.pb"/>
  <File Type="ROUTE-BUS-SKEW-RPX" Name="deco7segbasicABCD_bus_skew_routed.rpx"/>
  <File Type="POSTROUTE-PHYSOPT-DCP" Name="deco7segbasicABCD_postroute_physopt.dcp"/>
  <File Type="POSTROUTE-PHYSOPT-BLACKBOX-DCP" Name="deco7segbasicABCD_postroute_physopt_bb.dcp"/>
  <File Type="POSTROUTE-PHYSOPT-TIMING" Name="fulladder_4b_timing_summary_postroute_physopted.rpt"/>
  <File Type="POSTROUTE-PHYSOPT-TIMING-PB" Name="fulladder_4b_timing_summary_postroute_physopted.pb"/>
  <File Type="POSTROUTE-PHYSOPT-TIMING-RPX" Name="fulladder_4b_timing_summary_postroute_physopted.rpx"/>
  <File Type="POSTROUTE-PHYSOPT-BUS-SKEW" Name="fulladder_4b_bus_skew_postroute_physopted.rpt"/>
  <File Type="BG-BIT" Name="deco7segbasicABCD.bit"/>
  <File Type="POSTROUTE-PHYSOPT-BUS-SKEW-PB" Name="fulladder_4b_bus_skew_postroute_physopted.pb"/>
  <File Type="POSTROUTE-PHYSOPT-BUS-SKEW-RPX" Name="fulladder_4b_bus_skew_postroute_physopted.rpx"/>
  <File Type="BITSTR-NKY" Name="deco7segbasicABCD.nky"/>
  <File Type="BITSTR-BMM" Name="deco7segbasicABCD_bd.bmm"/>
  <File Type="PDI-FILE" Name="deco7segbasicABCD.pdi"/>
  <File Type="BOOT-PDI-FILE" Name="deco7segbasicABCD_soc.pdi"/>
  <File Type="PL-PDI-FILE" Name="deco7segbasicABCD_pld.pdi"/>
  <File Type="RCFI_FILE" Name="deco7segbasicABCD.rcfi"/>
  <File Type="CFI_FILE" Name="deco7segbasicABCD.cfi"/>
  <File Type="RNPI_FILE" Name="deco7segbasicABCD.rnpi"/>
  <File Type="NPI_FILE" Name="deco7segbasicABCD.npi"/>
  <File Type="RBD_FILE" Name="deco7segbasicABCD.rbd"/>
  <File Type="BITSTR-LTX" Name="debug_nets.ltx"/>
  <File Type="BITSTR-LTX" Name="deco7segbasicABCD.ltx"/>
  <File Type="BITSTR-SYSDEF" Name="deco7segbasicABCD.sysdef"/>
  <File Type="BG-BGN" Name="deco7segbasicABCD.bgn"/>
  <File Type="BG-DRC" Name="deco7segbasicABCD.drc"/>
  <File Type="RDI-RDI" Name="deco7segbasicABCD.vdi"/>
  <File Type="WBT-USG" Name="usage_statistics_webtalk.html"/>
  <File Type="ROUTE-RQS" Name="deco7segbasicABCD_routed.rqs"/>
  <File Type="POSTROUTE-PHYSOPT-RQS" Name="deco7segbasicABCD_postroute_physopted.rqs"/>
  <File Type="ROUTE-RQS-RPT" Name="route_report_qor_suggestions_0.rpt"/>
  <File Type="POSTROUTE-PHYSOPT-RQS-RPT" Name="postroute_physopt_report_qor_suggestions_0.rpt"/>
  <FileSet Name="sources" Type="DesignSrcs" RelSrcDir="$PSRCDIR/sources_1" RelGenDir="$PGENDIR/sources_1">
    <Filter Type="Srcs"/>
    <File Path="$PSRCDIR/sources_1/new/deco7segbasicABCD.vhd">
      <FileInfo>
        <Attr Name="UsedIn" Val="synthesis"/>
        <Attr Name="UsedIn" Val="simulation"/>
      </FileInfo>
    </File>
    <File Path="$PSRCDIR/sources_1/new/mux4to1_1b.vhd">
      <FileInfo>
        <Attr Name="AutoDisabled" Val="1"/>
        <Attr Name="UsedIn" Val="synthesis"/>
        <Attr Name="UsedIn" Val="simulation"/>
      </FileInfo>
    </File>
    <File Path="$PSRCDIR/sources_1/new/mux2to1_1b.vhd">
      <FileInfo>
        <Attr Name="AutoDisabled" Val="1"/>
        <Attr Name="UsedIn" Val="synthesis"/>
        <Attr Name="UsedIn" Val="simulation"/>
      </FileInfo>
    </File>
    <File Path="$PSRCDIR/sources_1/new/fulladder_1b.vhd">
      <FileInfo>
        <Attr Name="AutoDisabled" Val="1"/>
        <Attr Name="UsedIn" Val="synthesis"/>
        <Attr Name="UsedIn" Val="simulation"/>
      </FileInfo>
    </File>
    <File Path="$PSRCDIR/sources_1/new/fulladder_4b.vhd">
      <FileInfo>
        <Attr Name="AutoDisabled" Val="1"/>
        <Attr Name="UsedIn" Val="synthesis"/>
        <Attr Name="UsedIn" Val="simulation"/>
      </FileInfo>
    </File>
    <Config>
      <Option Name="DesignMode" Val="RTL"/>
      <Option Name="TopModule" Val="deco7segbasicABCD"/>
    </Config>
  </FileSet>
  <FileSet Name="constrs_in" Type="Constrs" RelSrcDir="$PSRCDIR/constrs_1" RelGenDir="$PGENDIR/constrs_1">
    <Filter Type="Constrs"/>
    <File Path="$PSRCDIR/constrs_1/imports/constrais/Basys-3-Master.xdc">
      <FileInfo>
        <Attr Name="UserDisabled" Val="1"/>
        <Attr Name="ImportPath" Val="$PPRDIR/../archivos adicionales/constrais/Basys-3-Master.xdc"/>
        <Attr Name="ImportTime" Val="1754748539"/>
        <Attr Name="UsedIn" Val="synthesis"/>
        <Attr Name="UsedIn" Val="implementation"/>
      </FileInfo>
    </File>
    <File Path="$PSRCDIR/constrs_1/imports/constrais/sevensegtest.xdc">
      <FileInfo>
        <Attr Name="UsedIn" Val="synthesis"/>
        <Attr Name="UsedIn" Val="implementation"/>
      </FileInfo>
    </File>
    <Config>
      <Option Name="ConstrsType" Val="XDC"/>
    </Config>
  </FileSet>
  <FileSet Name="utils" Type="Utils" RelSrcDir="$PSRCDIR/utils_1" RelGenDir="$PGENDIR/utils_1">
    <Filter Type="Utils"/>
    <File Path="$PSRCDIR/utils_1/imports/synth_1/fulladder_1b.dcp">
      <FileInfo>
        <Attr Name="UsedIn" Val="synthesis"/>
        <Attr Name="UsedIn" Val="implementation"/>
        <Attr Name="UsedInSteps" Val="synth_1"/>
        <Attr Name="AutoDcp" Val="1"/>
      </FileInfo>
    </File>
    <Config>
      <Option Name="TopAutoSet" Val="TRUE"/>
    </Config>
  </FileSet>
  <Strategy Version="1" Minor="2">
    <StratHandle Name="Vivado Implementation Defaults" Flow="Vivado Implementation 2023"/>
    <Step Id="init_design"/>
    <Step Id="opt_design"/>
    <Step Id="power_opt_design"/>
    <Step Id="place_design"/>
    <Step Id="post_place_power_opt_design"/>
    <Step Id="phys_opt_design"/>
    <Step Id="route_design"/>
    <Step Id="post_route_phys_opt_design"/>
    <Step Id="write_bitstream"/>
  </Strategy>
</GenRun>
