<?xml version="1.0" encoding="UTF-8"?>
<GenRun Id="synth_1" LaunchPart="xc7a35tcpg236-1" LaunchTime="1757775375" LaunchIncrCheckpoint="$PSRCDIR/utils_1/imports/synth_1/mux4a1_32b_v2.dcp">
  <File Type="PA-TCL" Name="div_fre_1s.tcl"/>
  <File Type="REPORTS-TCL" Name="div_fre_1s_reports.tcl"/>
  <File Type="RDS-RDS" Name="div_fre_1s.vds"/>
  <File Type="RDS-UTIL" Name="div_fre_1s_utilization_synth.rpt"/>
  <File Type="RDS-UTIL-PB" Name="div_fre_1s_utilization_synth.pb"/>
  <File Type="RDS-DCP" Name="div_fre_1s.dcp"/>
  <FileSet Name="sources" Type="DesignSrcs" RelSrcDir="$PSRCDIR/sources_1" RelGenDir="$PGENDIR/sources_1">
    <Filter Type="Srcs"/>
    <File Path="$PSRCDIR/sources_1/new/contador.vhd">
      <FileInfo>
        <Attr Name="UsedIn" Val="synthesis"/>
        <Attr Name="UsedIn" Val="simulation"/>
      </FileInfo>
    </File>
    <File Path="$PSRCDIR/sources_1/new/div_fre_1s.vhd">
      <FileInfo>
        <Attr Name="UsedIn" Val="synthesis"/>
        <Attr Name="UsedIn" Val="simulation"/>
      </FileInfo>
    </File>
    <File Path="$PSRCDIR/sources_1/new/mux4a1_32b_v2.vhd">
      <FileInfo>
        <Attr Name="UsedIn" Val="synthesis"/>
        <Attr Name="UsedIn" Val="simulation"/>
      </FileInfo>
    </File>
    <File Path="$PSRCDIR/sources_1/imports/new/deco7segbasicABCD.vhd">
      <FileInfo>
        <Attr Name="ImportPath" Val="$PPRDIR/../prueba_sumador/prueba_sumador.srcs/sources_1/new/deco7segbasicABCD.vhd"/>
        <Attr Name="ImportTime" Val="1757161918"/>
        <Attr Name="UsedIn" Val="synthesis"/>
        <Attr Name="UsedIn" Val="simulation"/>
      </FileInfo>
    </File>
    <File Path="$PSRCDIR/sources_1/new/displayControl.vhd">
      <FileInfo>
        <Attr Name="UsedIn" Val="synthesis"/>
        <Attr Name="UsedIn" Val="simulation"/>
      </FileInfo>
    </File>
    <Config>
      <Option Name="DesignMode" Val="RTL"/>
      <Option Name="TopModule" Val="div_fre_1s"/>
    </Config>
  </FileSet>
  <FileSet Name="constrs_in" Type="Constrs" RelSrcDir="$PSRCDIR/div_freg" RelGenDir="$PGENDIR/div_freg">
    <File Path="$PSRCDIR/div_freg/imports/constrais/Basys-3-Master.xdc">
      <FileInfo>
        <Attr Name="ImportPath" Val="$PSRCDIR/constrs_1/imports/constrais/Basys-3-Master.xdc"/>
        <Attr Name="ImportTime" Val="1757165627"/>
        <Attr Name="UsedIn" Val="synthesis"/>
        <Attr Name="UsedIn" Val="implementation"/>
      </FileInfo>
    </File>
    <Config>
      <Option Name="ConstrsType" Val="XDC"/>
    </Config>
  </FileSet>
  <FileSet Name="utils" Type="Utils" RelSrcDir="$PSRCDIR/utils_1" RelGenDir="$PGENDIR/utils_1">
    <Filter Type="Utils"/>
    <File Path="$PSRCDIR/utils_1/imports/synth_1/mux4a1_32b_v2.dcp">
      <FileInfo>
        <Attr Name="UsedIn" Val="synthesis"/>
        <Attr Name="UsedIn" Val="implementation"/>
        <Attr Name="UsedInSteps" Val="synth_1"/>
        <Attr Name="AutoDcp" Val="1"/>
      </FileInfo>
    </File>
    <Config>
      <Option Name="TopAutoSet" Val="TRUE"/>
    </Config>
  </FileSet>
  <Strategy Version="1" Minor="2">
    <StratHandle Name="Vivado Synthesis Defaults" Flow="Vivado Synthesis 2023"/>
    <Step Id="synth_design"/>
  </Strategy>
</GenRun>
