<?xml version="1.0" encoding="UTF-8"?>
<GenRun Id="impl_1" LaunchPart="xc7a35tcpg236-1" LaunchTime="1759194229">
  <File Type="ROUTE-PWR" Name="displayControl_power_routed.rpt"/>
  <File Type="PA-TCL" Name="displayControl.tcl"/>
  <File Type="ROUTE-PWR-SUM" Name="displayControl_power_summary_routed.pb"/>
  <File Type="REPORTS-TCL" Name="displayControl_reports.tcl"/>
  <File Type="OPT-RQA-PB" Name="displayControl_rqa_opted.pb"/>
  <File Type="BITSTR-MMI" Name="displayControl.mmi"/>
  <File Type="OPT-METHODOLOGY-DRC" Name="displayControl_methodology_drc_opted.rpt"/>
  <File Type="INIT-TIMING" Name="displayControl_timing_summary_init.rpt"/>
  <File Type="OPT-TIMING" Name="displayControl_timing_summary_opted.rpt"/>
  <File Type="OPT-DCP" Name="displayControl_opt.dcp"/>
  <File Type="OPT-DRC" Name="displayControl_drc_opted.rpt"/>
  <File Type="OPT-HWDEF" Name="displayControl.hwdef"/>
  <File Type="PWROPT-DCP" Name="displayControl_pwropt.dcp"/>
  <File Type="PWROPT-DRC" Name="displayControl_drc_pwropted.rpt"/>
  <File Type="PWROPT-TIMING" Name="displayControl_timing_summary_pwropted.rpt"/>
  <File Type="PLACE-DCP" Name="displayControl_placed.dcp"/>
  <File Type="PLACE-IO" Name="displayControl_io_placed.rpt"/>
  <File Type="PLACE-CLK" Name="displayControl_clock_utilization_placed.rpt"/>
  <File Type="PLACE-UTIL" Name="displayControl_utilization_placed.rpt"/>
  <File Type="PLACE-UTIL-PB" Name="displayControl_utilization_placed.pb"/>
  <File Type="PLACE-CTRL" Name="displayControl_control_sets_placed.rpt"/>
  <File Type="PLACE-SIMILARITY" Name="displayControl_incremental_reuse_placed.rpt"/>
  <File Type="PLACE-PRE-SIMILARITY" Name="displayControl_incremental_reuse_pre_placed.rpt"/>
  <File Type="BG-BIN" Name="displayControl.bin"/>
  <File Type="PLACE-TIMING" Name="displayControl_timing_summary_placed.rpt"/>
  <File Type="ROUTE-PWR-RPX" Name="displayControl_power_routed.rpx"/>
  <File Type="PLACE-RQA-PB" Name="displayControl_rqa_placed.pb"/>
  <File Type="POSTPLACE-PWROPT-DCP" Name="displayControl_postplace_pwropt.dcp"/>
  <File Type="BITSTR-MSK" Name="displayControl.msk"/>
  <File Type="POSTPLACE-PWROPT-TIMING" Name="displayControl_timing_summary_postplace_pwropted.rpt"/>
  <File Type="PHYSOPT-DCP" Name="displayControl_physopt.dcp"/>
  <File Type="PHYSOPT-DRC" Name="displayControl_drc_physopted.rpt"/>
  <File Type="BITSTR-RBT" Name="displayControl.rbt"/>
  <File Type="PHYSOPT-TIMING" Name="displayControl_timing_summary_physopted.rpt"/>
  <File Type="ROUTE-ERROR-DCP" Name="displayControl_routed_error.dcp"/>
  <File Type="ROUTE-DCP" Name="displayControl_routed.dcp"/>
  <File Type="ROUTE-BLACKBOX-DCP" Name="displayControl_routed_bb.dcp"/>
  <File Type="ROUTE-DRC" Name="displayControl_drc_routed.rpt"/>
  <File Type="ROUTE-DRC-PB" Name="displayControl_drc_routed.pb"/>
  <File Type="ROUTE-DRC-RPX" Name="displayControl_drc_routed.rpx"/>
  <File Type="ROUTE-METHODOLOGY-DRC" Name="displayControl_methodology_drc_routed.rpt"/>
  <File Type="ROUTE-METHODOLOGY-DRC-RPX" Name="displayControl_methodology_drc_routed.rpx"/>
  <File Type="ROUTE-METHODOLOGY-DRC-PB" Name="displayControl_methodology_drc_routed.pb"/>
  <File Type="ROUTE-RQS-PB" Name="displayControl_rqs_routed.pb"/>
  <File Type="ROUTE-STATUS" Name="displayControl_route_status.rpt"/>
  <File Type="ROUTE-STATUS-PB" Name="displayControl_route_status.pb"/>
  <File Type="ROUTE-TIMINGSUMMARY" Name="displayControl_timing_summary_routed.rpt"/>
  <File Type="ROUTE-TIMING-PB" Name="displayControl_timing_summary_routed.pb"/>
  <File Type="ROUTE-TIMING-RPX" Name="displayControl_timing_summary_routed.rpx"/>
  <File Type="ROUTE-SIMILARITY" Name="displayControl_incremental_reuse_routed.rpt"/>
  <File Type="ROUTE-CLK" Name="displayControl_clock_utilization_routed.rpt"/>
  <File Type="ROUTE-BUS-SKEW" Name="displayControl_bus_skew_routed.rpt"/>
  <File Type="ROUTE-BUS-SKEW-PB" Name="displayControl_bus_skew_routed.pb"/>
  <File Type="ROUTE-BUS-SKEW-RPX" Name="displayControl_bus_skew_routed.rpx"/>
  <File Type="POSTROUTE-PHYSOPT-DCP" Name="displayControl_postroute_physopt.dcp"/>
  <File Type="POSTROUTE-PHYSOPT-BLACKBOX-DCP" Name="displayControl_postroute_physopt_bb.dcp"/>
  <File Type="POSTROUTE-PHYSOPT-TIMING" Name="div_fre_1s_timing_summary_postroute_physopted.rpt"/>
  <File Type="POSTROUTE-PHYSOPT-TIMING-PB" Name="div_fre_1s_timing_summary_postroute_physopted.pb"/>
  <File Type="POSTROUTE-PHYSOPT-TIMING-RPX" Name="div_fre_1s_timing_summary_postroute_physopted.rpx"/>
  <File Type="POSTROUTE-PHYSOPT-BUS-SKEW" Name="div_fre_1s_bus_skew_postroute_physopted.rpt"/>
  <File Type="BG-BIT" Name="displayControl.bit"/>
  <File Type="POSTROUTE-PHYSOPT-BUS-SKEW-PB" Name="div_fre_1s_bus_skew_postroute_physopted.pb"/>
  <File Type="POSTROUTE-PHYSOPT-BUS-SKEW-RPX" Name="div_fre_1s_bus_skew_postroute_physopted.rpx"/>
  <File Type="BITSTR-NKY" Name="displayControl.nky"/>
  <File Type="BITSTR-BMM" Name="displayControl_bd.bmm"/>
  <File Type="PDI-FILE" Name="displayControl.pdi"/>
  <File Type="BOOT-PDI-FILE" Name="displayControl_soc.pdi"/>
  <File Type="PL-PDI-FILE" Name="displayControl_pld.pdi"/>
  <File Type="RCFI_FILE" Name="displayControl.rcfi"/>
  <File Type="CFI_FILE" Name="displayControl.cfi"/>
  <File Type="RNPI_FILE" Name="displayControl.rnpi"/>
  <File Type="NPI_FILE" Name="displayControl.npi"/>
  <File Type="RBD_FILE" Name="displayControl.rbd"/>
  <File Type="BITSTR-LTX" Name="debug_nets.ltx"/>
  <File Type="BITSTR-LTX" Name="displayControl.ltx"/>
  <File Type="BITSTR-SYSDEF" Name="displayControl.sysdef"/>
  <File Type="BG-BGN" Name="displayControl.bgn"/>
  <File Type="BG-DRC" Name="displayControl.drc"/>
  <File Type="RDI-RDI" Name="displayControl.vdi"/>
  <File Type="WBT-USG" Name="usage_statistics_webtalk.html"/>
  <File Type="ROUTE-RQS" Name="displayControl_routed.rqs"/>
  <File Type="POSTROUTE-PHYSOPT-RQS" Name="displayControl_postroute_physopted.rqs"/>
  <File Type="ROUTE-RQS-RPT" Name="route_report_qor_suggestions_0.rpt"/>
  <File Type="POSTROUTE-PHYSOPT-RQS-RPT" Name="postroute_physopt_report_qor_suggestions_0.rpt"/>
  <FileSet Name="sources" Type="DesignSrcs" RelSrcDir="$PSRCDIR/sources_1" RelGenDir="$PGENDIR/sources_1">
    <Filter Type="Srcs"/>
    <File Path="$PSRCDIR/sources_1/new/contador.vhd">
      <FileInfo>
        <Attr Name="UsedIn" Val="synthesis"/>
        <Attr Name="UsedIn" Val="simulation"/>
      </FileInfo>
    </File>
    <File Path="$PSRCDIR/sources_1/new/div_fre_1s.vhd">
      <FileInfo>
        <Attr Name="UsedIn" Val="synthesis"/>
        <Attr Name="UsedIn" Val="simulation"/>
      </FileInfo>
    </File>
    <File Path="$PSRCDIR/sources_1/new/mux4a1_32b_v2.vhd">
      <FileInfo>
        <Attr Name="UsedIn" Val="synthesis"/>
        <Attr Name="UsedIn" Val="simulation"/>
      </FileInfo>
    </File>
    <File Path="$PSRCDIR/sources_1/imports/new/deco7segbasicABCD.vhd">
      <FileInfo>
        <Attr Name="ImportPath" Val="$PPRDIR/../prueba_sumador/prueba_sumador.srcs/sources_1/new/deco7segbasicABCD.vhd"/>
        <Attr Name="ImportTime" Val="1757161918"/>
        <Attr Name="UsedIn" Val="synthesis"/>
        <Attr Name="UsedIn" Val="simulation"/>
      </FileInfo>
    </File>
    <File Path="$PSRCDIR/sources_1/new/displayControl.vhd">
      <FileInfo>
        <Attr Name="UsedIn" Val="synthesis"/>
        <Attr Name="UsedIn" Val="simulation"/>
      </FileInfo>
    </File>
    <File Path="$PSRCDIR/sources_1/new/MipsComputer.vhd">
      <FileInfo>
        <Attr Name="UsedIn" Val="synthesis"/>
        <Attr Name="UsedIn" Val="simulation"/>
      </FileInfo>
    </File>
    <File Path="$PSRCDIR/sources_1/new/procesadorMips.vhd">
      <FileInfo>
        <Attr Name="UsedIn" Val="synthesis"/>
        <Attr Name="UsedIn" Val="simulation"/>
      </FileInfo>
    </File>
    <File Path="$PSRCDIR/sources_1/new/memoriaMips.vhd">
      <FileInfo>
        <Attr Name="UsedIn" Val="synthesis"/>
        <Attr Name="UsedIn" Val="simulation"/>
      </FileInfo>
    </File>
    <File Path="$PSRCDIR/sources_1/new/registo32b.vhd">
      <FileInfo>
        <Attr Name="UsedIn" Val="synthesis"/>
        <Attr Name="UsedIn" Val="simulation"/>
      </FileInfo>
    </File>
    <Config>
      <Option Name="DesignMode" Val="RTL"/>
      <Option Name="TopModule" Val="displayControl"/>
    </Config>
  </FileSet>
  <FileSet Name="constrs_in" Type="Constrs" RelSrcDir="$PSRCDIR/display" RelGenDir="$PGENDIR/display">
    <File Path="$PSRCDIR/display/imports/constrais/Basys-3-Master.xdc">
      <FileInfo>
        <Attr Name="ImportPath" Val="$PSRCDIR/constrs_1/imports/constrais/Basys-3-Master.xdc"/>
        <Attr Name="ImportTime" Val="1757165627"/>
        <Attr Name="UsedIn" Val="synthesis"/>
        <Attr Name="UsedIn" Val="implementation"/>
      </FileInfo>
    </File>
    <Config>
      <Option Name="ConstrsType" Val="XDC"/>
    </Config>
  </FileSet>
  <FileSet Name="utils" Type="Utils" RelSrcDir="$PSRCDIR/utils_1" RelGenDir="$PGENDIR/utils_1">
    <Filter Type="Utils"/>
    <File Path="$PSRCDIR/utils_1/imports/synth_1/mux4a1_32b_v2.dcp">
      <FileInfo>
        <Attr Name="UsedIn" Val="synthesis"/>
        <Attr Name="UsedIn" Val="implementation"/>
        <Attr Name="UsedInSteps" Val="synth_1"/>
        <Attr Name="AutoDcp" Val="1"/>
      </FileInfo>
    </File>
    <Config>
      <Option Name="TopAutoSet" Val="TRUE"/>
    </Config>
  </FileSet>
  <Strategy Version="1" Minor="2">
    <StratHandle Name="Vivado Implementation Defaults" Flow="Vivado Implementation 2023"/>
    <Step Id="init_design"/>
    <Step Id="opt_design"/>
    <Step Id="power_opt_design"/>
    <Step Id="place_design"/>
    <Step Id="post_place_power_opt_design"/>
    <Step Id="phys_opt_design"/>
    <Step Id="route_design"/>
    <Step Id="post_route_phys_opt_design"/>
    <Step Id="write_bitstream"/>
  </Strategy>
</GenRun>
