<?xml version="1.0" encoding="UTF-8"?>
<GenRun Id="impl_1" LaunchPart="xc7a35tcpg236-1" LaunchTime="1757775429">
  <File Type="ROUTE-PWR" Name="div_fre_1s_power_routed.rpt"/>
  <File Type="PA-TCL" Name="div_fre_1s.tcl"/>
  <File Type="ROUTE-PWR-SUM" Name="div_fre_1s_power_summary_routed.pb"/>
  <File Type="REPORTS-TCL" Name="div_fre_1s_reports.tcl"/>
  <File Type="BITSTR-MSK" Name="div_fre_1s.msk"/>
  <File Type="ROUTE-CLK" Name="div_fre_1s_clock_utilization_routed.rpt"/>
  <File Type="RDI-RDI" Name="div_fre_1s.vdi"/>
  <File Type="POSTROUTE-PHYSOPT-BUS-SKEW-PB" Name="div_fre_1s_bus_skew_postroute_physopted.pb"/>
  <File Type="BG-BIT" Name="div_fre_1s.bit"/>
  <File Type="BG-DRC" Name="div_fre_1s.drc"/>
  <File Type="BG-BGN" Name="div_fre_1s.bgn"/>
  <File Type="BG-BIN" Name="div_fre_1s.bin"/>
  <File Type="BITSTR-RBT" Name="div_fre_1s.rbt"/>
  <File Type="BITSTR-NKY" Name="div_fre_1s.nky"/>
  <File Type="BITSTR-BMM" Name="div_fre_1s_bd.bmm"/>
  <File Type="BITSTR-MMI" Name="div_fre_1s.mmi"/>
  <File Type="ROUTE-METHODOLOGY-DRC" Name="div_fre_1s_methodology_drc_routed.rpt"/>
  <File Type="BITSTR-SYSDEF" Name="div_fre_1s.sysdef"/>
  <File Type="BITSTR-LTX" Name="debug_nets.ltx"/>
  <File Type="BITSTR-LTX" Name="div_fre_1s.ltx"/>
  <File Type="WBT-USG" Name="usage_statistics_webtalk.html"/>
  <File Type="OPT-DRC" Name="div_fre_1s_drc_opted.rpt"/>
  <File Type="OPT-HWDEF" Name="div_fre_1s.hwdef"/>
  <File Type="PLACE-IO" Name="div_fre_1s_io_placed.rpt"/>
  <File Type="PLACE-UTIL" Name="div_fre_1s_utilization_placed.rpt"/>
  <File Type="PLACE-UTIL-PB" Name="div_fre_1s_utilization_placed.pb"/>
  <File Type="PLACE-CTRL" Name="div_fre_1s_control_sets_placed.rpt"/>
  <File Type="PLACE-PRE-SIMILARITY" Name="div_fre_1s_incremental_reuse_pre_placed.rpt"/>
  <File Type="ROUTE-DRC" Name="div_fre_1s_drc_routed.rpt"/>
  <File Type="ROUTE-DRC-PB" Name="div_fre_1s_drc_routed.pb"/>
  <File Type="ROUTE-PWR-RPX" Name="div_fre_1s_power_routed.rpx"/>
  <File Type="ROUTE-STATUS" Name="div_fre_1s_route_status.rpt"/>
  <File Type="ROUTE-STATUS-PB" Name="div_fre_1s_route_status.pb"/>
  <File Type="ROUTE-DCP" Name="div_fre_1s_routed.dcp"/>
  <File Type="ROUTE-ERROR-DCP" Name="div_fre_1s_routed_error.dcp"/>
  <File Type="ROUTE-BLACKBOX-DCP" Name="div_fre_1s_routed_bb.dcp"/>
  <File Type="ROUTE-TIMINGSUMMARY" Name="div_fre_1s_timing_summary_routed.rpt"/>
  <File Type="ROUTE-TIMING-PB" Name="div_fre_1s_timing_summary_routed.pb"/>
  <File Type="ROUTE-TIMING-RPX" Name="div_fre_1s_timing_summary_routed.rpx"/>
  <File Type="ROUTE-SIMILARITY" Name="div_fre_1s_incremental_reuse_routed.rpt"/>
  <File Type="ROUTE-BUS-SKEW" Name="div_fre_1s_bus_skew_routed.rpt"/>
  <File Type="ROUTE-BUS-SKEW-PB" Name="div_fre_1s_bus_skew_routed.pb"/>
  <File Type="ROUTE-BUS-SKEW-RPX" Name="div_fre_1s_bus_skew_routed.rpx"/>
  <File Type="OPT-DCP" Name="div_fre_1s_opt.dcp"/>
  <File Type="PLACE-DCP" Name="div_fre_1s_placed.dcp"/>
  <File Type="PWROPT-DCP" Name="div_fre_1s_pwropt.dcp"/>
  <File Type="POSTPLACE-PWROPT-DCP" Name="div_fre_1s_postplace_pwropt.dcp"/>
  <File Type="PHYSOPT-DCP" Name="div_fre_1s_physopt.dcp"/>
  <File Type="POSTROUTE-PHYSOPT-DCP" Name="div_fre_1s_postroute_physopt.dcp"/>
  <File Type="POSTROUTE-PHYSOPT-BLACKBOX-DCP" Name="div_fre_1s_postroute_physopt_bb.dcp"/>
  <File Type="POSTROUTE-PHYSOPT-TIMING" Name="div_fre_1s_timing_summary_postroute_physopted.rpt"/>
  <File Type="POSTROUTE-PHYSOPT-TIMING-PB" Name="div_fre_1s_timing_summary_postroute_physopted.pb"/>
  <File Type="POSTROUTE-PHYSOPT-TIMING-RPX" Name="div_fre_1s_timing_summary_postroute_physopted.rpx"/>
  <File Type="POSTROUTE-PHYSOPT-BUS-SKEW" Name="div_fre_1s_bus_skew_postroute_physopted.rpt"/>
  <File Type="POSTROUTE-PHYSOPT-BUS-SKEW-RPX" Name="div_fre_1s_bus_skew_postroute_physopted.rpx"/>
  <File Type="ROUTE-METHODOLOGY-DRC-PB" Name="div_fre_1s_methodology_drc_routed.pb"/>
  <File Type="ROUTE-DRC-RPX" Name="div_fre_1s_drc_routed.rpx"/>
  <File Type="ROUTE-METHODOLOGY-DRC-RPX" Name="div_fre_1s_methodology_drc_routed.rpx"/>
  <File Type="PDI-FILE" Name="div_fre_1s.pdi"/>
  <File Type="BOOT-PDI-FILE" Name="div_fre_1s_soc.pdi"/>
  <File Type="PL-PDI-FILE" Name="div_fre_1s_pld.pdi"/>
  <File Type="RCFI_FILE" Name="div_fre_1s.rcfi"/>
  <File Type="CFI_FILE" Name="div_fre_1s.cfi"/>
  <File Type="RNPI_FILE" Name="div_fre_1s.rnpi"/>
  <File Type="NPI_FILE" Name="div_fre_1s.npi"/>
  <File Type="RBD_FILE" Name="div_fre_1s.rbd"/>
  <File Type="ROUTE-RQS" Name="div_fre_1s_routed.rqs"/>
  <File Type="POSTROUTE-PHYSOPT-RQS" Name="div_fre_1s_postroute_physopted.rqs"/>
  <File Type="ROUTE-RQS-RPT" Name="route_report_qor_suggestions_0.rpt"/>
  <File Type="POSTROUTE-PHYSOPT-RQS-RPT" Name="postroute_physopt_report_qor_suggestions_0.rpt"/>
  <FileSet Name="sources" Type="DesignSrcs" RelSrcDir="$PSRCDIR/sources_1" RelGenDir="$PGENDIR/sources_1">
    <Filter Type="Srcs"/>
    <File Path="$PSRCDIR/sources_1/new/contador.vhd">
      <FileInfo>
        <Attr Name="UsedIn" Val="synthesis"/>
        <Attr Name="UsedIn" Val="simulation"/>
      </FileInfo>
    </File>
    <File Path="$PSRCDIR/sources_1/new/div_fre_1s.vhd">
      <FileInfo>
        <Attr Name="UsedIn" Val="synthesis"/>
        <Attr Name="UsedIn" Val="simulation"/>
      </FileInfo>
    </File>
    <File Path="$PSRCDIR/sources_1/new/mux4a1_32b_v2.vhd">
      <FileInfo>
        <Attr Name="UsedIn" Val="synthesis"/>
        <Attr Name="UsedIn" Val="simulation"/>
      </FileInfo>
    </File>
    <File Path="$PSRCDIR/sources_1/imports/new/deco7segbasicABCD.vhd">
      <FileInfo>
        <Attr Name="ImportPath" Val="$PPRDIR/../prueba_sumador/prueba_sumador.srcs/sources_1/new/deco7segbasicABCD.vhd"/>
        <Attr Name="ImportTime" Val="1757161918"/>
        <Attr Name="UsedIn" Val="synthesis"/>
        <Attr Name="UsedIn" Val="simulation"/>
      </FileInfo>
    </File>
    <File Path="$PSRCDIR/sources_1/new/displayControl.vhd">
      <FileInfo>
        <Attr Name="UsedIn" Val="synthesis"/>
        <Attr Name="UsedIn" Val="simulation"/>
      </FileInfo>
    </File>
    <Config>
      <Option Name="DesignMode" Val="RTL"/>
      <Option Name="TopModule" Val="div_fre_1s"/>
    </Config>
  </FileSet>
  <FileSet Name="constrs_in" Type="Constrs" RelSrcDir="$PSRCDIR/div_freg" RelGenDir="$PGENDIR/div_freg">
    <File Path="$PSRCDIR/div_freg/imports/constrais/Basys-3-Master.xdc">
      <FileInfo>
        <Attr Name="ImportPath" Val="$PSRCDIR/constrs_1/imports/constrais/Basys-3-Master.xdc"/>
        <Attr Name="ImportTime" Val="1757165627"/>
        <Attr Name="UsedIn" Val="synthesis"/>
        <Attr Name="UsedIn" Val="implementation"/>
      </FileInfo>
    </File>
    <Config>
      <Option Name="ConstrsType" Val="XDC"/>
    </Config>
  </FileSet>
  <FileSet Name="utils" Type="Utils" RelSrcDir="$PSRCDIR/utils_1" RelGenDir="$PGENDIR/utils_1">
    <Filter Type="Utils"/>
    <File Path="$PSRCDIR/utils_1/imports/synth_1/mux4a1_32b_v2.dcp">
      <FileInfo>
        <Attr Name="UsedIn" Val="synthesis"/>
        <Attr Name="UsedIn" Val="implementation"/>
        <Attr Name="UsedInSteps" Val="synth_1"/>
        <Attr Name="AutoDcp" Val="1"/>
      </FileInfo>
    </File>
    <Config>
      <Option Name="TopAutoSet" Val="TRUE"/>
    </Config>
  </FileSet>
  <Strategy Version="1" Minor="2">
    <StratHandle Name="Vivado Implementation Defaults" Flow="Vivado Implementation 2023"/>
    <Step Id="init_design"/>
    <Step Id="opt_design"/>
    <Step Id="power_opt_design"/>
    <Step Id="place_design"/>
    <Step Id="post_place_power_opt_design"/>
    <Step Id="phys_opt_design"/>
    <Step Id="route_design"/>
    <Step Id="post_route_phys_opt_design"/>
    <Step Id="write_bitstream"/>
    <Step Id="write_device_image"/>
  </Strategy>
</GenRun>
